Categoria,Autor,Link
Imagem,Dorothy Lin,https://picsum.photos/500/300?random=86868
Imagem,Jon Eckert,https://picsum.photos/500/300?random=33390
Imagem,Tyler Finck,https://picsum.photos/500/300?random=62192
Imagem,Jon Eckert,https://picsum.photos/500/300?random=70121
Imagem,Isaak Dury,https://picsum.photos/500/300?random=53356
Imagem,Jassy Onyae,https://picsum.photos/500/300?random=75167
Imagem,Alexander Shustov,https://picsum.photos/500/300?random=3580
Imagem,May Pamintuan,https://picsum.photos/500/300?random=36367
Imagem,Paul Evans,https://picsum.photos/500/300?random=69806
Imagem,Dorothy Lin,https://picsum.photos/500/300?random=12526
